problem,size,library,seed,error,num_variables,time_overhead,time_solver,time_convert,memory_solver,memory_solver_median,memory_overhead
energy_planning_capacity_expansion,2,ampl,1000,,43591.0,16.436999999999998,0.3,9.360999999999999,0.0005078125,0.0173603515625,0.5749970703124999
energy_planning_capacity_expansion,2,ampl,1001,,43591.0,16.490000000000002,0.31,9.34,0.0120625,0.0173603515625,0.5712666015625
energy_planning_capacity_expansion,2,ampl,1002,,43591.0,16.352,0.31,9.343,,0.0173603515625,0.5701025390625
energy_planning_capacity_expansion,2,gurobipy,1000,,43591.0,15.062000000000001,0.36,0.0,0.0465966796875,0.0173603515625,0.1799130859375
energy_planning_capacity_expansion,2,gurobipy,1001,,43591.0,15.891000000000002,0.34,0.0,0.0103759765625,0.0173603515625,0.1819921875
energy_planning_capacity_expansion,2,gurobipy,1002,,43591.0,15.139,0.33,0.0,,0.0173603515625,0.1842041015625
energy_planning_capacity_expansion,2,jump,1000,,43591.0,15.958000000000002,0.52,0.0,0.02443359375,0.0173603515625,1.1317900390625
energy_planning_capacity_expansion,2,jump,1001,,43591.0,15.379,0.4,0.0,0.0156474609375,0.0173603515625,1.1002998046874999
energy_planning_capacity_expansion,2,jump,1002,,43591.0,15.861,0.41,0.0,0.005783203125,0.0173603515625,1.13216796875
energy_planning_capacity_expansion,2,linopy,1000,,43591.0,3.265,0.44,0.98,0.038318359375,0.0173603515625,0.601658203125
energy_planning_capacity_expansion,2,linopy,1001,,43591.0,3.264,0.39,0.997,0.05158203125,0.0173603515625,0.5980917968749999
energy_planning_capacity_expansion,2,linopy,1002,,43591.0,3.304,0.39,1.0819999999999999,0.0296552734375,0.0173603515625,0.6012656249999999
energy_planning_capacity_expansion,2,pyoframe,1000,,43591.0,1.811,0.44,0.0,0.0288310546875,0.0173603515625,0.278759765625
energy_planning_capacity_expansion,2,pyoframe,1001,,43591.0,1.984,0.4,0.0,,0.0173603515625,0.262798828125
energy_planning_capacity_expansion,2,pyoframe,1002,,43591.0,1.9490000000000003,0.42,0.0,0.0102236328125,0.0173603515625,0.2918818359375
energy_planning_capacity_expansion,2,pyomo,1000,,43591.0,12.363,0.41,1.88,0.028380859375,0.0173603515625,0.214775390625
energy_planning_capacity_expansion,2,pyomo,1001,,43591.0,12.397,0.43,1.545,0.014744140625,0.0173603515625,0.23596972656250004
energy_planning_capacity_expansion,2,pyomo,1002,,43591.0,12.394,0.42,1.74,0.0173603515625,0.0173603515625,0.2355888671875
energy_planning_capacity_expansion,2,pyoptinterface,1000,,43591.0,30.791,0.32,0.0,,0.0173603515625,0.1806494140625
energy_planning_capacity_expansion,2,pyoptinterface,1001,,43591.0,31.142,0.32,0.0,,0.0173603515625,0.180291015625
energy_planning_capacity_expansion,2,pyoptinterface,1002,,43591.0,31.21,0.33,0.0,,0.0173603515625,0.18014160156249998
energy_planning_capacity_expansion,4,ampl,1000,,86111.0,25.854000000000003,0.65,18.362,0.0019990234375,0.04067822265625,0.54940185546875
energy_planning_capacity_expansion,4,ampl,1001,,86111.0,25.838,0.66,18.48,0.0099033203125,0.04067822265625,0.52281396484375
energy_planning_capacity_expansion,4,ampl,1002,,86111.0,26.263,0.63,18.919,0.000876953125,0.04067822265625,0.5573706054687501
energy_planning_capacity_expansion,4,gurobipy,1000,,86111.0,16.896,0.74,0.0,,0.04067822265625,0.27727294921875
energy_planning_capacity_expansion,4,gurobipy,1001,,86111.0,17.838,0.9,0.0,0.0375556640625,0.04067822265625,0.28983447265625
energy_planning_capacity_expansion,4,gurobipy,1002,,86111.0,16.964,0.91,0.054,0.0653916015625,0.04067822265625,0.29324169921875004
energy_planning_capacity_expansion,4,jump,1000,,86111.0,16.537000000000003,1.15,0.077,0.04380078125,0.04067822265625,1.1847700195312498
energy_planning_capacity_expansion,4,jump,1001,,86111.0,16.696,0.99,0.0,0.060935546875,0.04067822265625,1.16823779296875
energy_planning_capacity_expansion,4,jump,1002,,86111.0,17.092,0.93,0.0,0.0241162109375,0.04067822265625,1.2061899414062498
energy_planning_capacity_expansion,4,linopy,1000,,86111.0,4.05,0.76,1.754,0.0496708984375,0.04067822265625,0.57554443359375
energy_planning_capacity_expansion,4,linopy,1001,,86111.0,4.12,0.74,1.675,0.0727734375,0.04067822265625,0.58225830078125
energy_planning_capacity_expansion,4,linopy,1002,,86111.0,4.086,0.81,1.7199999999999998,0.0487705078125,0.04067822265625,0.59652880859375
energy_planning_capacity_expansion,4,pyoframe,1000,,86111.0,2.541,0.75,0.0,0.0560224609375,0.04067822265625,0.26822021484375
energy_planning_capacity_expansion,4,pyoframe,1001,,86111.0,2.425,0.75,0.055,0.050232421875,0.04067822265625,0.25371337890625
energy_planning_capacity_expansion,4,pyoframe,1002,,86111.0,2.568,0.79,0.0,0.070251953125,0.04067822265625,0.25290478515625003
energy_planning_capacity_expansion,4,pyomo,1000,,86111.0,15.136000000000001,0.84,3.683,0.014708984375,0.04067822265625,0.33702978515625004
energy_planning_capacity_expansion,4,pyomo,1001,,86111.0,15.173,0.81,3.551,0.0540693359375,0.04067822265625,0.33446337890625
energy_planning_capacity_expansion,4,pyomo,1002,,86111.0,15.261,0.86,3.941,0.02312109375,0.04067822265625,0.33317724609375
energy_planning_capacity_expansion,4,pyoptinterface,1000,,86111.0,31.745000000000005,0.72,0.049,0.0019873046875,0.04067822265625,0.24531005859375
energy_planning_capacity_expansion,4,pyoptinterface,1001,,86111.0,32.908,0.86,0.0,0.03434765625,0.04067822265625,0.26127392578125
energy_planning_capacity_expansion,4,pyoptinterface,1002,,86111.0,31.944,0.84,0.0,0.0351904296875,0.04067822265625,0.27595654296875
energy_planning_capacity_expansion,24,ampl,1000,,511311.0,119.85000000000001,7.77,110.822,1.04654296875,1.1613505859375,1.24201953125
energy_planning_capacity_expansion,24,ampl,1001,,511311.0,119.72800000000001,7.63,110.366,1.1654091796875,1.1613505859375,1.23076953125
energy_planning_capacity_expansion,24,ampl,1002,,511311.0,119.924,7.58,111.113,0.977287109375,1.1613505859375,1.2401308593750002
energy_planning_capacity_expansion,24,gurobipy,1000,,511311.0,38.659,8.04,0.16599999999999998,1.36084765625,1.1613505859375,1.0285908203125
energy_planning_capacity_expansion,24,gurobipy,1001,,511311.0,39.182,7.87,0.167,1.121650390625,1.1613505859375,1.0285224609374999
energy_planning_capacity_expansion,24,gurobipy,1002,,511311.0,38.129999999999995,7.85,0.39,1.3364560546875,1.1613505859375,1.0331337890625
energy_planning_capacity_expansion,24,jump,1000,,511311.0,24.652,9.47,0.361,1.15804296875,1.1613505859375,1.9398759765625
energy_planning_capacity_expansion,24,jump,1001,,511311.0,24.835,9.25,0.312,1.1613505859375,1.1613505859375,1.9379462890624999
energy_planning_capacity_expansion,24,jump,1002,,511311.0,24.526000000000003,9.58,0.0,1.3211513671875,1.1613505859375,1.9500195312500002
energy_planning_capacity_expansion,24,linopy,1000,,511311.0,13.221,9.98,9.434,1.1643603515625,1.1613505859375,1.0180966796875
energy_planning_capacity_expansion,24,linopy,1001,,511311.0,13.156,9.94,9.543,1.2547412109375,1.1613505859375,1.054591796875
energy_planning_capacity_expansion,24,linopy,1002,,511311.0,13.131,9.46,9.588,1.1934814453125,1.1613505859375,1.0556826171875002
energy_planning_capacity_expansion,24,pyoframe,1000,,511311.0,8.285,7.95,0.0,1.2911953125,1.1613505859375,0.603919921875
energy_planning_capacity_expansion,24,pyoframe,1001,,511311.0,8.355999999999998,7.78,0.0,1.1158984375,1.1613505859375,0.60120703125
energy_planning_capacity_expansion,24,pyoframe,1002,,511311.0,8.48,7.89,0.0,1.11392578125,1.1613505859375,0.6116904296875001
energy_planning_capacity_expansion,24,pyomo,1000,,511311.0,45.559,9.66,24.925,1.1532177734375,1.1613505859375,1.4938085937499999
energy_planning_capacity_expansion,24,pyomo,1001,,511311.0,45.587,9.48,24.831000000000003,1.140705078125,1.1613505859375,1.5320849609375
energy_planning_capacity_expansion,24,pyomo,1002,,511311.0,45.831999999999994,9.52,24.729,1.1565322265625,1.1613505859375,1.539791015625
energy_planning_capacity_expansion,24,pyoptinterface,1000,,511311.0,39.995000000000005,7.76,0.0,1.0823291015625,1.1613505859375,0.8529199218749999
energy_planning_capacity_expansion,24,pyoptinterface,1001,,511311.0,40.908,7.69,0.075,1.3673291015625,1.1613505859375,0.8395341796875
energy_planning_capacity_expansion,24,pyoptinterface,1002,,511311.0,40.176,7.71,0.0,1.36701171875,1.1613505859375,0.8491435546875001
energy_planning_capacity_expansion,168,ampl,1000,,3572751.0,793.9110000000001,97.68,764.039,11.2750400390625,11.1179619140625,7.316944335937501
energy_planning_capacity_expansion,168,ampl,1001,,3572751.0,793.892,95.54,768.6800000000001,11.438865234375,11.1179619140625,7.296756835937499
energy_planning_capacity_expansion,168,ampl,1002,,3572751.0,796.1700000000001,95.8,769.793,11.1101650390625,11.1179619140625,6.961734375000001
energy_planning_capacity_expansion,168,gurobipy,1000,,3572751.0,197.512,104.5,3.4499999999999997,11.380458984375,11.1179619140625,5.637881835937501
energy_planning_capacity_expansion,168,gurobipy,1001,,3572751.0,197.304,107.41,2.593,11.7112578125,11.1179619140625,5.962368164062502
energy_planning_capacity_expansion,168,gurobipy,1002,,3572751.0,200.44299999999998,109.42,1.537,11.8884853515625,11.1179619140625,6.122352539062499
energy_planning_capacity_expansion,168,jump,1000,,3572751.0,87.92899999999999,114.98,0.0,11.00569921875,11.1179619140625,6.064208984375002
energy_planning_capacity_expansion,168,jump,1001,,3572751.0,86.627,112.21,0.927,11.980484375,11.1179619140625,6.6694755859375
energy_planning_capacity_expansion,168,jump,1002,,3572751.0,88.90299999999999,114.28,0.0,11.1179619140625,11.1179619140625,6.438282226562501
energy_planning_capacity_expansion,168,linopy,1000,,3572751.0,79.575,121.52,68.066,10.668376953125,11.1179619140625,1.5045244140624998
energy_planning_capacity_expansion,168,linopy,1001,,3572751.0,79.36599999999999,120.93,67.763,10.9991611328125,11.1179619140625,1.8987880859375004
energy_planning_capacity_expansion,168,linopy,1002,,3572751.0,80.921,120.61,69.873,10.976322265625,11.1179619140625,2.0348544921875007
energy_planning_capacity_expansion,168,pyoframe,1000,,3572751.0,46.414,110.7,0.807,11.497958984375,11.1179619140625,2.797081054687501
energy_planning_capacity_expansion,168,pyoframe,1001,,3572751.0,47.47000000000001,109.08,0.832,11.6487734375,11.1179619140625,3.3286933593750003
energy_planning_capacity_expansion,168,pyoframe,1002,,3572751.0,47.184,109.15,1.642,11.86913671875,11.1179619140625,3.1470068359375
energy_planning_capacity_expansion,168,pyomo,1000,,3572751.0,276.45,109.49,186.856,9.6794130859375,11.1179619140625,5.547889648437499
energy_planning_capacity_expansion,168,pyomo,1001,,3572751.0,274.721,108.82,184.474,10.3303759765625,11.1179619140625,5.572246093750001
energy_planning_capacity_expansion,168,pyomo,1002,,3572751.0,279.637,109.83,189.113,10.279697265625,11.1179619140625,6.201755859375
energy_planning_capacity_expansion,168,pyoptinterface,1000,,3572751.0,104.78699999999999,103.24,0.709,11.338623046875,11.1179619140625,4.5552783203125
energy_planning_capacity_expansion,168,pyoptinterface,1001,,3572751.0,103.67900000000002,102.24,0.0,10.5551416015625,11.1179619140625,3.911495117187501
energy_planning_capacity_expansion,168,pyoptinterface,1002,,3572751.0,103.228,102.92,0.0,10.6877216796875,11.1179619140625,3.6461982421875003
energy_planning_capacity_expansion,336,ampl,1000,TIMEOUT,7144431.0,,,,,33.64287939453125,
energy_planning_capacity_expansion,336,ampl,1001,TIMEOUT,7144431.0,,,,,33.64287939453125,
energy_planning_capacity_expansion,336,ampl,1002,TIMEOUT,7144431.0,,,,,33.64287939453125,
energy_planning_capacity_expansion,336,gurobipy,1000,,7144431.0,393.135,355.48,7.399,34.069580078125,33.64287939453125,11.051681152343754
energy_planning_capacity_expansion,336,gurobipy,1001,,7144431.0,386.46999999999997,350.34,6.952,34.0302431640625,33.64287939453125,11.011275878906254
energy_planning_capacity_expansion,336,gurobipy,1002,,7144431.0,394.995,353.47,6.234999999999999,33.9623681640625,33.64287939453125,10.946018066406253
energy_planning_capacity_expansion,336,jump,1000,,7144431.0,174.11200000000002,359.92,3.234,33.3847353515625,33.64287939453125,10.60362646484375
energy_planning_capacity_expansion,336,jump,1001,,7144431.0,174.909,350.88,2.619,33.439681640625,33.64287939453125,10.204174316406252
energy_planning_capacity_expansion,336,jump,1002,,7144431.0,175.87599999999998,353.22,3.4059999999999997,33.3918837890625,33.64287939453125,10.628574707031248
energy_planning_capacity_expansion,336,linopy,1000,,7144431.0,161.29700000000003,431.14,140.387,32.842193359375,33.64287939453125,2.707432128906248
energy_planning_capacity_expansion,336,linopy,1001,,7144431.0,158.27799999999996,429.67,137.976,32.8852958984375,33.64287939453125,2.960308105468748
energy_planning_capacity_expansion,336,linopy,1002,,7144431.0,161.02999999999997,455.98,140.0,33.3188857421875,33.64287939453125,3.162594238281251
energy_planning_capacity_expansion,336,pyoframe,1000,,7144431.0,92.22000000000003,355.63,1.665,33.9119150390625,33.64287939453125,4.70219091796875
energy_planning_capacity_expansion,336,pyoframe,1001,,7144431.0,92.673,337.75,1.727,33.6239775390625,33.64287939453125,4.894596191406251
energy_planning_capacity_expansion,336,pyoframe,1002,,7144431.0,92.798,356.32,1.776,33.790791015625,33.64287939453125,4.622947753906253
energy_planning_capacity_expansion,336,pyomo,1000,,7144431.0,566.902,398.8,393.578,33.73471484375,33.64287939453125,11.954262207031249
energy_planning_capacity_expansion,336,pyomo,1001,,7144431.0,570.709,396.75,395.63,32.274154296875,33.64287939453125,11.325896972656253
energy_planning_capacity_expansion,336,pyomo,1002,,7144431.0,571.7560000000001,418.58,398.097,33.66178125,33.64287939453125,11.826118652343752
energy_planning_capacity_expansion,336,pyoptinterface,1000,,7144431.0,179.43099999999998,342.17,2.946,33.8967783203125,33.64287939453125,7.158065917968749
energy_planning_capacity_expansion,336,pyoptinterface,1001,,7144431.0,181.54299999999995,333.05,2.0949999999999998,33.98549609375,33.64287939453125,7.196197753906247
energy_planning_capacity_expansion,336,pyoptinterface,1002,,7144431.0,181.57500000000005,332.25,2.292,33.111080078125,33.64287939453125,7.04248779296875
energy_planning_security_constrained_dispatch,2,ampl,1000,,42520.0,21.083,5.17,12.604999999999999,0.153708984375,0.2367099609375,1.095275390625
energy_planning_security_constrained_dispatch,2,ampl,1001,,42520.0,21.267,5.27,12.583,0.1554150390625,0.2367099609375,1.0863720703125
energy_planning_security_constrained_dispatch,2,ampl,1002,,42520.0,21.32,5.17,12.62,0.1560400390625,0.2367099609375,1.0858417968749998
energy_planning_security_constrained_dispatch,2,gurobipy,1000,,42520.0,28.204,6.4,0.087,0.2572939453125,0.2367099609375,0.8286171875
energy_planning_security_constrained_dispatch,2,gurobipy,1001,,42520.0,30.579000000000004,6.38,0.0,0.1925244140625,0.2367099609375,0.7634345703125
energy_planning_security_constrained_dispatch,2,gurobipy,1002,,42520.0,28.066000000000003,6.04,0.0,0.2570380859375,0.2367099609375,0.8271972656250001
energy_planning_security_constrained_dispatch,2,jump,1000,,42520.0,19.901999999999997,6.78,0.079,0.255111328125,0.2367099609375,1.7490458984375
energy_planning_security_constrained_dispatch,2,jump,1001,,42520.0,20.018,6.72,0.141,0.3242529296875,0.2367099609375,1.654544921875
energy_planning_security_constrained_dispatch,2,jump,1002,,42520.0,20.006,6.73,0.078,0.2309189453125,0.2367099609375,1.7514912109374998
energy_planning_security_constrained_dispatch,2,linopy,1000,,42520.0,170.959,5.73,82.33600000000001,0.321060546875,0.2367099609375,0.794486328125
energy_planning_security_constrained_dispatch,2,linopy,1001,,42520.0,169.647,5.28,82.501,0.1232451171875,0.2367099609375,0.7992587890625001
energy_planning_security_constrained_dispatch,2,linopy,1002,,42520.0,170.913,5.97,82.499,0.2241513671875,0.2367099609375,0.8134306640625001
energy_planning_security_constrained_dispatch,2,pyoframe,1000,,42520.0,5.379999999999999,6.73,0.067,0.4338642578125,0.2367099609375,0.5824541015625
energy_planning_security_constrained_dispatch,2,pyoframe,1001,,42520.0,5.380999999999999,6.46,0.0,0.454197265625,0.2367099609375,0.62630078125
energy_planning_security_constrained_dispatch,2,pyoframe,1002,,42520.0,5.317,6.34,0.057,0.3988232421875,0.2367099609375,0.5606191406250001
energy_planning_security_constrained_dispatch,2,pyomo,1000,,42520.0,34.102000000000004,6.02,16.249,0.191150390625,0.2367099609375,1.1053232421874999
energy_planning_security_constrained_dispatch,2,pyomo,1001,,42520.0,36.811,5.81,17.054000000000002,0.1500439453125,0.2367099609375,1.1257587890624998
energy_planning_security_constrained_dispatch,2,pyomo,1002,,42520.0,34.469,6.4,15.863,0.297267578125,0.2367099609375,1.1018593749999999
energy_planning_security_constrained_dispatch,2,pyoptinterface,1000,,42520.0,35.363,6.46,0.0,0.2367099609375,0.2367099609375,0.606166015625
energy_planning_security_constrained_dispatch,2,pyoptinterface,1001,,42520.0,35.398,6.72,0.0,0.179298828125,0.2367099609375,0.645328125
energy_planning_security_constrained_dispatch,2,pyoptinterface,1002,,42520.0,35.340999999999994,6.63,0.0,0.31494921875,0.2367099609375,0.6890830078125
energy_planning_security_constrained_dispatch,8,ampl,1000,,170080.0,59.61,30.66,50.356,0.449642578125,1.600978515625,2.5469287109375003
energy_planning_security_constrained_dispatch,8,ampl,1001,,170080.0,59.422,30.55,49.683,0.5309599609375,1.600978515625,2.5449638671874997
energy_planning_security_constrained_dispatch,8,ampl,1002,,170080.0,59.866,30.26,49.825,0.795990234375,1.600978515625,2.742134765625
energy_planning_security_constrained_dispatch,8,gurobipy,1000,,170080.0,73.996,76.27,0.5529999999999999,1.9267919921875,1.600978515625,2.2566298828124998
energy_planning_security_constrained_dispatch,8,gurobipy,1001,,170080.0,73.66999999999999,52.85,0.0,1.600978515625,1.600978515625,1.9982763671875001
energy_planning_security_constrained_dispatch,8,gurobipy,1002,,170080.0,75.16499999999999,41.29,0.166,1.6487197265625,1.600978515625,2.0512548828125
energy_planning_security_constrained_dispatch,8,jump,1000,,170080.0,35.566,50.84,0.966,1.6221728515625,1.600978515625,3.0222822265625
energy_planning_security_constrained_dispatch,8,jump,1001,,170080.0,34.882000000000005,58.22,0.0,1.437916015625,1.600978515625,3.1612666015624997
energy_planning_security_constrained_dispatch,8,jump,1002,,170080.0,36.109,37.76,0.691,1.7837373046875,1.600978515625,3.1923144531250003
energy_planning_security_constrained_dispatch,8,linopy,1000,,170080.0,198.173,42.44,107.531,1.4939462890625,1.600978515625,1.3645400390624998
energy_planning_security_constrained_dispatch,8,linopy,1001,,170080.0,197.975,34.22,107.654,1.5544775390625,1.600978515625,1.3040126953124997
energy_planning_security_constrained_dispatch,8,linopy,1002,,170080.0,196.91400000000002,47.79,107.94,1.1749765625,1.600978515625,1.3663710937499998
energy_planning_security_constrained_dispatch,8,pyoframe,1000,,170080.0,17.81599999999999,65.15,0.509,1.9510693359375,1.600978515625,1.5154462890625
energy_planning_security_constrained_dispatch,8,pyoframe,1001,,170080.0,17.847,43.68,0.152,1.949875,1.600978515625,1.497498046875
energy_planning_security_constrained_dispatch,8,pyoframe,1002,,170080.0,17.721999999999994,54.61,0.238,2.0329814453125,1.600978515625,1.522984375
energy_planning_security_constrained_dispatch,8,pyomo,1000,,170080.0,111.57100000000001,37.83,65.856,1.1229404296875,1.600978515625,3.191162109375
energy_planning_security_constrained_dispatch,8,pyomo,1001,,170080.0,111.38400000000001,43.26,65.331,1.656998046875,1.600978515625,3.2787900390624998
energy_planning_security_constrained_dispatch,8,pyomo,1002,,170080.0,112.005,47.53,66.426,1.693908203125,1.600978515625,3.2791220703125
energy_planning_security_constrained_dispatch,8,pyoptinterface,1000,,170080.0,51.532,57.56,0.077,1.7593916015625,1.600978515625,1.7078671874999998
energy_planning_security_constrained_dispatch,8,pyoptinterface,1001,,170080.0,52.378,70.83,0.0,1.467869140625,1.600978515625,1.613884765625
energy_planning_security_constrained_dispatch,8,pyoptinterface,1002,,170080.0,52.72,44.09,0.0,1.0426328125,1.600978515625,1.5749326171874998
energy_planning_security_constrained_dispatch,24,ampl,1000,,510240.0,164.23699999999997,122.86,152.298,2.712478515625,4.9687880859375,6.479301757812499
energy_planning_security_constrained_dispatch,24,ampl,1001,,510240.0,162.473,130.11,145.892,2.444248046875,4.9687880859375,6.970989257812501
energy_planning_security_constrained_dispatch,24,ampl,1002,,510240.0,177.39600000000002,122.0,166.29000000000002,2.487697265625,4.9687880859375,6.467887695312501
energy_planning_security_constrained_dispatch,24,gurobipy,1000,,510240.0,198.51599999999996,442.39,3.909,4.9526328125,4.9687880859375,5.408939453125
energy_planning_security_constrained_dispatch,24,gurobipy,1001,,510240.0,200.015,408.97,3.255,5.0815771484375,4.9687880859375,5.39191796875
energy_planning_security_constrained_dispatch,24,gurobipy,1002,,510240.0,205.28599999999997,246.28,3.126,5.317875,4.9687880859375,5.6302451171875
energy_planning_security_constrained_dispatch,24,jump,1000,,510240.0,79.95299999999997,276.75,2.777,4.982337890625,4.9687880859375,6.3525166015625
energy_planning_security_constrained_dispatch,24,jump,1001,,510240.0,82.30699999999996,316.36,3.934,4.619060546875,4.9687880859375,6.191352539062501
energy_planning_security_constrained_dispatch,24,jump,1002,,510240.0,80.75600000000003,236.44,1.9060000000000001,4.5808447265625,4.9687880859375,6.141021484375
energy_planning_security_constrained_dispatch,24,linopy,1000,,510240.0,257.311,334.42,163.788,4.9687880859375,4.9687880859375,1.9996220703125003
energy_planning_security_constrained_dispatch,24,linopy,1001,,510240.0,275.88399999999996,293.8,182.385,5.4554140625,4.9687880859375,2.0243154296875003
energy_planning_security_constrained_dispatch,24,linopy,1002,,510240.0,256.16599999999994,193.52,162.881,4.999451171875,4.9687880859375,2.1103671875000005
energy_planning_security_constrained_dispatch,24,pyoframe,1000,,510240.0,50.11099999999999,283.75,2.399,5.8911630859375,4.9687880859375,3.7357373046874995
energy_planning_security_constrained_dispatch,24,pyoframe,1001,,510240.0,49.78800000000001,358.53,1.319,6.0850869140625,4.9687880859375,4.102607421875001
energy_planning_security_constrained_dispatch,24,pyoframe,1002,,510240.0,49.77199999999999,400.97,1.782,6.2214091796875,4.9687880859375,4.10855078125
energy_planning_security_constrained_dispatch,24,pyomo,1000,,510240.0,324.557,218.62,213.075,4.7855947265625,4.9687880859375,7.3400576171875
energy_planning_security_constrained_dispatch,24,pyomo,1001,,510240.0,326.03700000000003,164.32,215.161,4.5547138671875,4.9687880859375,7.294635742187499
energy_planning_security_constrained_dispatch,24,pyomo,1002,,510240.0,326.93100000000004,196.9,216.184,4.5942158203125,4.9687880859375,7.2622451171875
energy_planning_security_constrained_dispatch,24,pyoptinterface,1000,,510240.0,96.03999999999999,246.53,1.242,4.4990390625,4.9687880859375,3.5141103515624996
energy_planning_security_constrained_dispatch,24,pyoptinterface,1001,,510240.0,95.69200000000001,310.82,2.195,5.421447265625,4.9687880859375,4.0897412109374995
energy_planning_security_constrained_dispatch,24,pyoptinterface,1002,,510240.0,96.10200000000003,431.34,1.257,5.45213671875,4.9687880859375,4.0949902343749995
energy_planning_security_constrained_dispatch,48,ampl,1000,,1020480.0,319.21599999999995,323.18,292.02799999999996,5.749984375,10.5841865234375,11.816860351562498
energy_planning_security_constrained_dispatch,48,ampl,1001,,1020480.0,318.38899999999995,325.32,292.61499999999995,4.6317177734375,10.5841865234375,11.9683232421875
energy_planning_security_constrained_dispatch,48,ampl,1002,,1020480.0,319.80499999999995,310.99,305.205,4.576408203125,10.5841865234375,11.8261259765625
energy_planning_security_constrained_dispatch,48,gurobipy,1000,,1020480.0,,,6.721,,10.5841865234375,
energy_planning_security_constrained_dispatch,48,gurobipy,1001,TIMEOUT,1020480.0,,,,,10.5841865234375,
energy_planning_security_constrained_dispatch,48,gurobipy,1002,TIMEOUT,1020480.0,,,,,10.5841865234375,
energy_planning_security_constrained_dispatch,48,jump,1000,,1020480.0,151.12200000000007,546.67,6.904,10.592201171875,10.5841865234375,11.194431640625
energy_planning_security_constrained_dispatch,48,jump,1001,,1020480.0,153.38200000000006,695.64,6.596,10.6068271484375,10.5841865234375,11.2063564453125
energy_planning_security_constrained_dispatch,48,jump,1002,,1020480.0,152.74300000000005,910.89,5.683999999999999,10.5841865234375,10.5841865234375,11.298015625
energy_planning_security_constrained_dispatch,48,linopy,1000,,1020480.0,345.84799999999996,681.27,247.519,10.5631025390625,10.5841865234375,2.9898681640625
energy_planning_security_constrained_dispatch,48,linopy,1001,,1020480.0,348.80500000000006,674.05,249.83299999999997,10.347068359375,10.5841865234375,2.9326171875
energy_planning_security_constrained_dispatch,48,linopy,1002,,1020480.0,348.60800000000006,769.15,250.54999999999998,10.680900390625,10.5841865234375,3.0801279296874995
energy_planning_security_constrained_dispatch,48,pyoframe,1000,,1020480.0,98.25900000000001,749.91,2.537,12.50046875,10.5841865234375,7.391479492187498
energy_planning_security_constrained_dispatch,48,pyoframe,1001,,1020480.0,99.33800000000008,958.17,3.622,12.5238232421875,10.5841865234375,7.3893583984374995
energy_planning_security_constrained_dispatch,48,pyoframe,1002,,1020480.0,99.72699999999998,760.28,4.543,12.50682421875,10.5841865234375,7.394100585937499
energy_planning_security_constrained_dispatch,48,pyomo,1000,TIMEOUT,1020480.0,,,,,10.5841865234375,
energy_planning_security_constrained_dispatch,48,pyomo,1001,,1020480.0,,,429.54200000000003,,10.5841865234375,
energy_planning_security_constrained_dispatch,48,pyomo,1002,TIMEOUT,1020480.0,,,,,10.5841865234375,
energy_planning_security_constrained_dispatch,48,pyoptinterface,1000,,1020480.0,164.22800000000007,719.92,2.928,10.8707734375,10.5841865234375,7.454375976562501
energy_planning_security_constrained_dispatch,48,pyoptinterface,1001,,1020480.0,165.12400000000002,942.04,2.499,10.206287109375,10.5841865234375,6.772598632812501
energy_planning_security_constrained_dispatch,48,pyoptinterface,1002,,1020480.0,167.47799999999995,742.58,2.5100000000000002,10.1256640625,10.5841865234375,6.710132812500001
facility_location,16,ampl,1000,,18529.0,1.746,,0.163,,,0.154705078125
facility_location,16,ampl,1001,,18529.0,1.89,,0.22,,,0.161037109375
facility_location,16,ampl,1002,,18529.0,1.742,,0.232,,,0.162185546875
facility_location,16,gurobipy,1000,,18529.0,0.634,,0.0,,,0.0314560546875
facility_location,16,gurobipy,1001,,18529.0,0.637,,0.034,,,0.029689453125
facility_location,16,gurobipy,1002,,18529.0,0.624,,,,,0.02993359375
facility_location,16,jump,1000,,18529.0,2.816,,0.0,,,0.8088603515625
facility_location,16,jump,1001,,18529.0,2.843,,0.0,,,0.808578125
facility_location,16,jump,1002,,18529.0,3.243,,0.0,,,0.8090625
facility_location,16,pyoframe,1000,,18529.0,1.545,,0.0,,,0.1065556640625
facility_location,16,pyoframe,1001,,18529.0,1.382,,0.0,,,0.11198046875
facility_location,16,pyoframe,1002,,18529.0,1.472,,0.0,,,0.113529296875
facility_location,16,pyomo,1000,,18529.0,1.236,,0.628,,,0.07016796875
facility_location,16,pyomo,1001,,18529.0,1.239,,0.657,,,0.0638544921875
facility_location,16,pyomo,1002,,18529.0,1.241,,0.663,,,0.0639765625
facility_location,16,pyoptinterface,1000,,18529.0,0.385,,0.0,,,0.032322265625
facility_location,16,pyoptinterface,1001,,18529.0,0.387,,0.0,,,0.03693359375
facility_location,16,pyoptinterface,1002,,18529.0,0.343,,0.0,,,0.037369140625
facility_location,32,ampl,1000,,139457.0,1.997,,0.865,,,0.4250830078125
facility_location,32,ampl,1001,,139457.0,1.989,,0.879,,,0.4293369140625
facility_location,32,ampl,1002,,139457.0,1.942,,0.821,,,0.4201357421875
facility_location,32,gurobipy,1000,,139457.0,3.744,,0.0,,,0.1147998046875
facility_location,32,gurobipy,1001,,139457.0,3.743,,0.048,,,0.114166015625
facility_location,32,gurobipy,1002,,139457.0,3.795,,0.048,,,0.114333984375
facility_location,32,jump,1000,,139457.0,4.293,,0.0,,,0.9096904296875
facility_location,32,jump,1001,,139457.0,3.826,,0.053,,,0.8974033203125
facility_location,32,jump,1002,,139457.0,4.296,,0.0,,,0.8971826171875
facility_location,32,pyoframe,1000,,139457.0,1.737,,0.0,,,0.21205859375
facility_location,32,pyoframe,1001,,139457.0,1.697,,0.0,,,0.229591796875
facility_location,32,pyoframe,1002,,139457.0,1.79,,0.0,,,0.22638671875
facility_location,32,pyomo,1000,,139457.0,7.049,,4.591,,,0.29312109375
facility_location,32,pyomo,1001,,139457.0,7.042,,4.639,,,0.2931865234375
facility_location,32,pyomo,1002,,139457.0,7.001,,4.594,,,0.293205078125
facility_location,32,pyoptinterface,1000,,139457.0,0.887,,0.031,,,0.0709453125
facility_location,32,pyoptinterface,1001,,139457.0,0.887,,0.0,,,0.07584765625
facility_location,32,pyoptinterface,1002,,139457.0,0.896,,0.0,,,0.075703125
facility_location,64,ampl,1000,,1081729.0,8.2,,6.701,,,2.5309677734375
facility_location,64,ampl,1001,,1081729.0,8.253,,6.855,,,2.555912109375
facility_location,64,ampl,1002,,1081729.0,8.109,,6.731,,,2.4809189453125
facility_location,64,gurobipy,1000,,1081729.0,28.742,,0.478,,,0.782798828125
facility_location,64,gurobipy,1001,,1081729.0,29.098,,0.0,,,0.7820927734375
facility_location,64,gurobipy,1002,,1081729.0,28.696,,0.307,,,0.7845380859375
facility_location,64,jump,1000,,1081729.0,11.509,,0.0,,,1.5638466796875
facility_location,64,jump,1001,,1081729.0,11.505,,0.0,,,1.5544853515625
facility_location,64,jump,1002,,1081729.0,11.096,,0.087,,,1.55580859375
facility_location,64,pyoframe,1000,,1081729.0,7.7,,0.0,,,0.9076689453125
facility_location,64,pyoframe,1001,,1081729.0,7.399,,,,,0.845638671875
facility_location,64,pyoframe,1002,,1081729.0,7.451,,,,,0.8792265625
facility_location,64,pyomo,1000,,1081729.0,57.906,,37.95,,,2.0304638671875
facility_location,64,pyomo,1001,,1081729.0,58.257,,38.171,,,2.0306513671875
facility_location,64,pyomo,1002,,1081729.0,58.46,,37.719,,,2.0410693359375
facility_location,64,pyoptinterface,1000,,1081729.0,5.243,,0.0,,,0.3847158203125
facility_location,64,pyoptinterface,1001,,1081729.0,5.251,,0.0,,,0.389564453125
facility_location,64,pyoptinterface,1002,,1081729.0,5.248,,0.0,,,0.391212890625
facility_location,128,ampl,1000,,8520449.0,63.364,,57.188,,,19.58350390625
facility_location,128,ampl,1001,,8520449.0,95.674,,58.581,,,19.0756953125
facility_location,128,ampl,1002,,8520449.0,65.814,,58.26,,,19.607158203125
facility_location,128,gurobipy,1000,,8520449.0,234.517,,3.932,,,5.865970703125
facility_location,128,gurobipy,1001,,8520449.0,233.316,,4.017,,,5.872783203125
facility_location,128,gurobipy,1002,,8520449.0,235.362,,4.39,,,5.862728515625
facility_location,128,jump,1000,,8520449.0,66.171,,1.047,,,5.60272265625
facility_location,128,jump,1001,,8520449.0,70.932,,1.029,,,5.6193544921875
facility_location,128,jump,1002,,8520449.0,66.373,,1.476,,,5.773513671875
facility_location,128,pyoframe,1000,,8520449.0,50.792,,0.0,,,4.5602802734375
facility_location,128,pyoframe,1001,,8520449.0,51.945,,0.0,,,5.3238828125
facility_location,128,pyoframe,1002,,8520449.0,51.693,,0.0,,,5.3482626953125
facility_location,128,pyomo,1000,,8520449.0,476.164,,315.373,,,14.639412109375
facility_location,128,pyomo,1001,,8520449.0,481.178,,320.355,,,14.6396865234375
facility_location,128,pyomo,1002,,8520449.0,479.827,,317.1,,,14.5512197265625
facility_location,128,pyoptinterface,1000,,8520449.0,39.42,,0.505,,,2.84067578125
facility_location,128,pyoptinterface,1001,,8520449.0,39.07,,0.0,,,2.8295478515625
facility_location,128,pyoptinterface,1002,,8520449.0,39.365,,0.3,,,2.857646484375
facility_location,192,ampl,1000,,28607617.0,221.805,,205.078,,,62.7243046875
facility_location,192,ampl,1001,,28607617.0,223.596,,205.958,,,62.73292578125
facility_location,192,ampl,1002,,28607617.0,222.746,,204.591,,,63.318771484375
facility_location,192,gurobipy,1000,,28607617.0,800.406,,14.008,,,19.756748046875
facility_location,192,gurobipy,1001,,28607617.0,795.676,,14.443,,,19.755767578125
facility_location,192,gurobipy,1002,,28607617.0,810.513,,14.612,,,19.7573544921875
facility_location,192,jump,1000,,28607617.0,240.577,,4.587,,,16.537861328125
facility_location,192,jump,1001,,28607617.0,240.941,,5.141,,,16.5867158203125
facility_location,192,jump,1002,,28607617.0,240.374,,5.167,,,16.4582744140625
facility_location,192,pyoframe,1000,,28607617.0,173.874,,0.0,,,14.2252998046875
facility_location,192,pyoframe,1001,,28607617.0,170.725,,0.0,,,14.481517578125
facility_location,192,pyoframe,1002,,28607617.0,172.162,,0.0,,,14.41797265625
facility_location,192,pyomo,1000,TIMEOUT,28607617.0,,,,,,
facility_location,192,pyomo,1001,TIMEOUT,28607617.0,,,,,,
facility_location,192,pyomo,1002,TIMEOUT,28607617.0,,,,,,
facility_location,192,pyoptinterface,1000,,28607617.0,130.721,,1.874,,,8.3398974609375
facility_location,192,pyoptinterface,1001,,28607617.0,129.41,,1.157,,,8.4513701171875
facility_location,192,pyoptinterface,1002,,28607617.0,131.118,,1.17,,,8.451328125
simple_problem,10000,ampl,1000,,10000.0,1.4969999999999999,0.01,0.129,,0.0066982421875,0.1418349609375
simple_problem,10000,ampl,1001,,10000.0,1.496,0.01,0.084,,0.0066982421875,0.1497197265625
simple_problem,10000,ampl,1002,,10000.0,1.53,0.01,0.083,,0.0066982421875,0.1506962890625
simple_problem,10000,cvxpy,1000,,10000.0,1.426,0.03,0.20299999999999999,0.015201171875,0.0066982421875,0.14677050781249998
simple_problem,10000,cvxpy,1001,,10000.0,1.316,0.04,0.197,,0.0066982421875,0.1788369140625
simple_problem,10000,cvxpy,1002,,10000.0,1.359,0.03,0.195,0.0069736328125,0.0066982421875,0.1778720703125
simple_problem,10000,gurobipy,1000,,10000.0,0.395,0.01,0.0,0.0065234375,0.0066982421875,0.0551455078125
simple_problem,10000,gurobipy,1001,,10000.0,0.445,0.01,0.0,,0.0066982421875,0.0537685546875
simple_problem,10000,gurobipy,1002,,10000.0,0.425,0.01,0.0,0.0066982421875,0.0066982421875,0.056530273437499994
simple_problem,10000,jump,1000,,10000.0,4.489,0.01,0.0,,0.0066982421875,0.8773652343749999
simple_problem,10000,jump,1001,,10000.0,4.354,0.01,0.0,,0.0066982421875,0.876404296875
simple_problem,10000,jump,1002,,10000.0,4.488,0.01,0.0,0.0051728515625,0.0066982421875,0.8738525390624999
simple_problem,10000,linopy,1000,,10000.0,1.396,0.01,0.151,,0.0066982421875,0.22021093749999998
simple_problem,10000,linopy,1001,,10000.0,1.397,0.01,0.14200000000000002,,0.0066982421875,0.2301787109375
simple_problem,10000,linopy,1002,,10000.0,1.478,0.01,0.14,,0.0066982421875,0.22938964843749998
simple_problem,10000,pulp,1000,,10000.0,0.586,0.01,0.076,,0.0066982421875,0.0842138671875
simple_problem,10000,pulp,1001,,10000.0,0.544,0.01,0.075,,0.0066982421875,0.0849609375
simple_problem,10000,pulp,1002,,10000.0,0.617,0.02,0.036,0.010833984375,0.0066982421875,0.0854228515625
simple_problem,10000,pyoframe,1000,,10000.0,0.5589999999999999,0.01,0.0,0.0040927734375,0.0066982421875,0.07463085937500001
simple_problem,10000,pyoframe,1001,,10000.0,0.585,0.01,0.0,,0.0066982421875,0.08137890625000001
simple_problem,10000,pyoframe,1002,,10000.0,0.627,0.01,0.0,,0.0066982421875,0.08400390625000001
simple_problem,10000,pyomo,1000,,10000.0,0.745,0.01,0.198,,0.0066982421875,0.07526074218750001
simple_problem,10000,pyomo,1001,,10000.0,0.744,0.01,0.15,,0.0066982421875,0.07662988281250001
simple_problem,10000,pyomo,1002,,10000.0,0.726,0.01,0.122,,0.0066982421875,0.07661816406250001
simple_problem,10000,pyoptinterface,1000,,10000.0,0.475,0.03,0.0,,0.0066982421875,0.062748046875
simple_problem,10000,pyoptinterface,1001,,10000.0,0.45,0.01,0.0,,0.0066982421875,0.0668681640625
simple_problem,10000,pyoptinterface,1002,,10000.0,0.513,0.02,0.0,,0.0066982421875,0.06620800781250001
simple_problem,100000,ampl,1000,,100000.0,1.976,0.14,0.23500000000000001,0.0392041015625,0.0404130859375,0.24054687499999997
simple_problem,100000,ampl,1001,,100000.0,1.867,0.14,0.334,0.0420419921875,0.0404130859375,0.25346777343750004
simple_problem,100000,ampl,1002,,100000.0,1.9610000000000003,0.13,0.274,0.0392041015625,0.0404130859375,0.2633857421875
simple_problem,100000,cvxpy,1000,,100000.0,2.713,0.29,1.439,0.0543291015625,0.0404130859375,0.3408203125
simple_problem,100000,cvxpy,1001,,100000.0,2.713,0.3,1.4389999999999998,0.0598369140625,0.0404130859375,0.36603125000000003
simple_problem,100000,cvxpy,1002,,100000.0,2.784,0.27,1.4929999999999999,0.0470849609375,0.0404130859375,0.36995703125
simple_problem,100000,gurobipy,1000,,100000.0,0.9859999999999999,0.17,0.0,0.043365234375,0.0404130859375,0.12257324218749999
simple_problem,100000,gurobipy,1001,,100000.0,0.9959999999999999,0.16,0.04,0.0637744140625,0.0404130859375,0.12659472656249998
simple_problem,100000,gurobipy,1002,,100000.0,1.038,0.15,0.0,0.053455078125,0.0404130859375,0.12261523437499999
simple_problem,100000,jump,1000,,100000.0,5.094,0.22,0.0,0.0446552734375,0.0404130859375,0.94789453125
simple_problem,100000,jump,1001,,100000.0,5.055000000000001,0.26,0.0,0.040859375,0.0404130859375,0.9418642578124999
simple_problem,100000,jump,1002,,100000.0,5.1370000000000005,0.21,0.0,0.04264453125,0.0404130859375,0.9454423828124999
simple_problem,100000,linopy,1000,,100000.0,2.008,0.15,0.747,0.048572265625,0.0404130859375,0.30863183593750004
simple_problem,100000,linopy,1001,,100000.0,2.018,0.14,0.754,0.0248603515625,0.0404130859375,0.31880175781250003
simple_problem,100000,linopy,1002,,100000.0,2.151,0.14,0.804,0.036384765625,0.0404130859375,0.31700097656250004
simple_problem,100000,pulp,1000,,100000.0,2.1999999999999997,0.16,0.657,0.039466796875,0.0404130859375,0.2356181640625
simple_problem,100000,pulp,1001,,100000.0,2.0989999999999998,0.16,0.638,0.0366552734375,0.0404130859375,0.24824902343749997
simple_problem,100000,pulp,1002,,100000.0,2.3819999999999997,0.16,0.79,0.0404130859375,0.0404130859375,0.23876953124999997
simple_problem,100000,pyoframe,1000,,100000.0,0.8260000000000001,0.18,0.0,0.0375556640625,0.0404130859375,0.14141113281249998
simple_problem,100000,pyoframe,1001,,100000.0,0.7170000000000001,0.18,0.0,0.02668359375,0.0404130859375,0.13003515624999998
simple_problem,100000,pyoframe,1002,,100000.0,0.849,0.19,0.0,0.055267578125,0.0404130859375,0.14662499999999998
simple_problem,100000,pyomo,1000,,100000.0,2.368,0.14,1.169,0.03530078125,0.0404130859375,0.1592822265625
simple_problem,100000,pyomo,1001,,100000.0,2.4179999999999997,0.14,1.1989999999999998,0.02831640625,0.0404130859375,0.173572265625
simple_problem,100000,pyomo,1002,,100000.0,2.4410000000000003,0.15,1.226,0.0396044921875,0.0404130859375,0.1703564453125
simple_problem,100000,pyoptinterface,1000,,100000.0,0.856,0.15,0.0,0.040427734375,0.0404130859375,0.10723437499999999
simple_problem,100000,pyoptinterface,1001,,100000.0,0.8549999999999999,0.15,0.0,0.01694140625,0.0404130859375,0.11943847656249998
simple_problem,100000,pyoptinterface,1002,,100000.0,0.939,0.15,0.0,0.0367548828125,0.0404130859375,0.121349609375
simple_problem,1000000,ampl,1000,,1000000.0,9.245000000000001,2.13,2.2319999999999998,0.446529296875,0.392498046875,1.1931728515625002
simple_problem,1000000,ampl,1001,,1000000.0,9.026,2.15,1.561,0.392498046875,0.392498046875,1.1776201171874998
simple_problem,1000000,ampl,1002,,1000000.0,9.219,2.14,1.7129999999999999,0.38784765625,0.392498046875,1.095779296875
simple_problem,1000000,cvxpy,1000,,1000000.0,16.788,4.22,14.464,0.81996875,0.392498046875,2.01921875
simple_problem,1000000,cvxpy,1001,,1000000.0,16.756,4.19,14.51,0.9010390625,0.392498046875,2.1664960937499997
simple_problem,1000000,cvxpy,1002,,1000000.0,16.848,4.23,14.517,0.836173828125,0.392498046875,2.0667802734375
simple_problem,1000000,gurobipy,1000,,1000000.0,7.103999999999999,2.22,0.181,0.5083388671875,0.392498046875,0.652763671875
simple_problem,1000000,gurobipy,1001,,1000000.0,7.2330000000000005,2.24,0.125,0.51463671875,0.392498046875,0.6602480468749999
simple_problem,1000000,gurobipy,1002,,1000000.0,7.367,2.29,0.125,0.5202099609375,0.392498046875,0.6658935546874999
simple_problem,1000000,jump,1000,,1000000.0,11.482,2.3,0.0,0.403404296875,0.392498046875,1.5559384765625
simple_problem,1000000,jump,1001,,1000000.0,11.293,2.24,0.0,0.424556640625,0.392498046875,1.5558623046875
simple_problem,1000000,jump,1002,,1000000.0,11.876,2.24,0.0,0.445732421875,0.392498046875,1.5423769531249998
simple_problem,1000000,linopy,1000,,1000000.0,8.731000000000002,2.04,6.816,0.3858564453125,0.392498046875,0.5548017578125
simple_problem,1000000,linopy,1001,,1000000.0,8.818000000000001,2.11,7.042999999999999,0.36818359375,0.392498046875,0.5527763671875
simple_problem,1000000,linopy,1002,,1000000.0,8.769,2.09,6.973,0.3796650390625,0.392498046875,0.550380859375
simple_problem,1000000,pulp,1000,,1000000.0,21.784,2.17,9.549,0.317046875,0.392498046875,1.695408203125
simple_problem,1000000,pulp,1001,,1000000.0,22.284,2.17,9.782,0.492931640625,0.392498046875,1.6800419921874998
simple_problem,1000000,pulp,1002,,1000000.0,22.326999999999998,2.21,9.889,0.386130859375,0.392498046875,1.7414472656249997
simple_problem,1000000,pyoframe,1000,,1000000.0,3.3689999999999998,2.45,0.052,0.1283115234375,0.392498046875,0.41648828125000004
simple_problem,1000000,pyoframe,1001,,1000000.0,3.3009999999999997,2.52,0.0,0.0989306640625,0.392498046875,0.4118427734375
simple_problem,1000000,pyoframe,1002,,1000000.0,3.434,2.58,0.051,0.185203125,0.392498046875,0.42006640625
simple_problem,1000000,pyomo,1000,,1000000.0,22.418,2.09,14.474,0.3323291015625,0.392498046875,0.91439453125
simple_problem,1000000,pyomo,1001,,1000000.0,22.845,1.91,15.008000000000001,0.2887421875,0.392498046875,0.9471513671874999
simple_problem,1000000,pyomo,1002,,1000000.0,22.764000000000003,1.97,14.892999999999999,0.2704052734375,0.392498046875,0.9104384765625001
simple_problem,1000000,pyoptinterface,1000,,1000000.0,5.379999999999999,2.14,0.0,0.3513486328125,0.392498046875,0.495845703125
simple_problem,1000000,pyoptinterface,1001,,1000000.0,5.449999999999999,2.11,0.0,0.4490703125,0.392498046875,0.4778251953125
simple_problem,1000000,pyoptinterface,1002,,1000000.0,5.510999999999999,2.14,0.068,0.4483603515625,0.392498046875,0.49431250000000004
simple_problem,10000000,ampl,1000,,10000000.0,85.513,26.32,23.716,4.3970869140625,5.0406796875,9.6350791015625
simple_problem,10000000,ampl,1001,,10000000.0,86.713,26.07,24.061,4.3685,5.0406796875,9.637184570312499
simple_problem,10000000,ampl,1002,,10000000.0,87.905,26.52,24.061,5.0406796875,5.0406796875,9.598991210937498
simple_problem,10000000,cvxpy,1000,,10000000.0,166.556,48.23,155.102,6.7119599609375,5.0406796875,16.729484375000002
simple_problem,10000000,cvxpy,1001,,10000000.0,171.613,49.1,158.782,7.707447265625,5.0406796875,16.946876953125003
simple_problem,10000000,cvxpy,1002,,10000000.0,170.397,49.84,158.237,6.6552392578125,5.0406796875,16.663490234375
simple_problem,10000000,gurobipy,1000,,10000000.0,72.199,27.24,1.856,5.326560546875,5.0406796875,4.80500390625
simple_problem,10000000,gurobipy,1001,,10000000.0,72.62299999999999,26.84,2.106,5.2883603515625,5.0406796875,4.7443388671875
simple_problem,10000000,gurobipy,1002,,10000000.0,72.31899999999999,27.71,2.092,5.2344130859375,5.0406796875,4.7651826171875
simple_problem,10000000,jump,1000,,10000000.0,69.092,27.66,0.35,5.202861328125,5.0406796875,6.0556259765625
simple_problem,10000000,jump,1001,,10000000.0,71.03399999999999,27.57,0.0,4.978091796875,5.0406796875,5.92481640625
simple_problem,10000000,jump,1002,,10000000.0,71.72699999999999,27.76,0.0,5.314357421875,5.0406796875,5.9847607421874995
simple_problem,10000000,linopy,1000,,10000000.0,80.065,26.26,73.613,4.6180224609375,5.0406796875,2.069283203125
simple_problem,10000000,linopy,1001,,10000000.0,78.969,26.5,71.922,5.075587890625,5.0406796875,2.0722929687500002
simple_problem,10000000,linopy,1002,,10000000.0,80.64699999999999,26.59,73.436,4.7167509765625,5.0406796875,2.082759765625
simple_problem,10000000,pulp,1000,,10000000.0,240.251,27.72,102.086,4.5206455078125,5.0406796875,13.5904736328125
simple_problem,10000000,pulp,1001,,10000000.0,245.312,28.17,104.77699999999999,4.487857421875,5.0406796875,13.504299804687502
simple_problem,10000000,pulp,1002,,10000000.0,243.917,28.03,104.939,4.411037109375,5.0406796875,13.832058593750002
simple_problem,10000000,pyoframe,1000,,10000000.0,27.910999999999998,28.31,0.1,4.8451845703125,5.0406796875,1.8658447265625
simple_problem,10000000,pyoframe,1001,,10000000.0,28.522999999999996,28.64,0.32,4.897056640625,5.0406796875,1.8739775390625004
simple_problem,10000000,pyoframe,1002,,10000000.0,28.747000000000003,28.99,0.118,4.93959765625,5.0406796875,1.8744853515625
simple_problem,10000000,pyomo,1000,,10000000.0,258.116,26.82,172.464,5.0119365234375,5.0406796875,6.8687021484375
simple_problem,10000000,pyomo,1001,,10000000.0,258.363,27.63,173.711,5.0197333984375,5.0406796875,6.878349609374999
simple_problem,10000000,pyomo,1002,,10000000.0,260.022,27.85,174.823,5.1314892578125,5.0406796875,6.915611328125
simple_problem,10000000,pyoptinterface,1000,,10000000.0,55.736000000000004,27.53,0.363,5.26139453125,5.0406796875,3.3756826171874996
simple_problem,10000000,pyoptinterface,1001,,10000000.0,55.597,27.54,0.136,5.153232421875,5.0406796875,3.2739833984375
simple_problem,10000000,pyoptinterface,1002,,10000000.0,56.648999999999994,27.71,0.136,5.2713466796875,5.0406796875,3.3924794921875003
simple_problem,50000000,ampl,1000,,50000000.0,437.70199999999994,224.43,121.524,24.8866689453125,26.72531689453125,47.68380224609375
simple_problem,50000000,ampl,1001,,50000000.0,444.93899999999996,221.34,121.357,23.83869140625,26.72531689453125,46.01622998046875
simple_problem,50000000,ampl,1002,,50000000.0,437.88300000000004,220.86,121.853,25.204578125,26.72531689453125,47.68759716796875
simple_problem,50000000,cvxpy,1000,TIMEOUT,50000000.0,,,,,26.72531689453125,
simple_problem,50000000,cvxpy,1001,TIMEOUT,50000000.0,,,,,26.72531689453125,
simple_problem,50000000,cvxpy,1002,TIMEOUT,50000000.0,,,,,26.72531689453125,
simple_problem,50000000,gurobipy,1000,,50000000.0,380.67999999999995,227.35,12.05,26.749427734375,26.72531689453125,24.17891162109375
simple_problem,50000000,gurobipy,1001,,50000000.0,387.2439999999999,228.34,11.47,26.5393525390625,26.72531689453125,24.17989208984375
simple_problem,50000000,gurobipy,1002,,50000000.0,389.17099999999994,228.71,12.58,26.749427734375,26.72531689453125,24.179437988281247
simple_problem,50000000,jump,1000,,50000000.0,375.42499999999995,225.83,1.701,27.1367763671875,26.72531689453125,25.72049169921875
simple_problem,50000000,jump,1001,,50000000.0,377.811,226.82,1.212,27.090240234375,26.72531689453125,25.74653857421875
simple_problem,50000000,jump,1002,,50000000.0,382.681,225.7,1.307,27.135974609375,26.72531689453125,25.717534667968753
simple_problem,50000000,linopy,1000,,50000000.0,422.558,226.13,391.99600000000004,26.7498134765625,26.72531689453125,7.617452636718749
simple_problem,50000000,linopy,1001,,50000000.0,426.50299999999993,227.09,395.39099999999996,26.7498134765625,26.72531689453125,7.617182128906247
simple_problem,50000000,linopy,1002,,50000000.0,428.467,227.46,396.442,26.7497939453125,26.72531689453125,7.61538134765625
simple_problem,50000000,pulp,1000,TIMEOUT,50000000.0,,,,,26.72531689453125,
simple_problem,50000000,pulp,1001,TIMEOUT,50000000.0,,,,,26.72531689453125,
simple_problem,50000000,pulp,1002,TIMEOUT,50000000.0,,,,,26.72531689453125,
simple_problem,50000000,pyoframe,1000,,50000000.0,150.91299999999998,233.9,0.0,24.8110888671875,26.72531689453125,7.476087402343747
simple_problem,50000000,pyoframe,1001,,50000000.0,147.122,234.63,0.945,25.50015234375,26.72531689453125,7.486524902343749
simple_problem,50000000,pyoframe,1002,,50000000.0,150.11599999999999,235.56,0.0,24.98826953125,26.72531689453125,7.481336425781247
simple_problem,50000000,pyomo,1000,TIMEOUT,50000000.0,,,,,26.72531689453125,
simple_problem,50000000,pyomo,1001,TIMEOUT,50000000.0,,,,,26.72531689453125,
simple_problem,50000000,pyomo,1002,TIMEOUT,50000000.0,,,,,26.72531689453125,
simple_problem,50000000,pyoptinterface,1000,,50000000.0,309.933,225.25,0.71,26.9339716796875,26.72531689453125,15.189538574218748
simple_problem,50000000,pyoptinterface,1001,,50000000.0,315.60999999999996,227.8,0.776,26.54103125,26.72531689453125,14.802251464843753
simple_problem,50000000,pyoptinterface,1002,,50000000.0,317.08500000000004,228.78,2.144,26.7012060546875,26.72531689453125,14.960260253906252
